project,month,status,active_devs,num_commits,num_committers,num_files,num_emails,num_senders,num_respondents,skew_c,skew_e,c_percentage,e_percentage,inactive_c,inactive_e,c_nodes,c_edges,c_c_coef,c_mean_degree,c_long_tail,c_triangles,e_nodes,e_edges,e_c_coef,e_mean_degree,e_long_tail,e_triangles,e_bidirected_edges
100,1,Graduated,13,1870,2,438,63,11,11,0.9147601376302615,0.10359371598418742,0.9951871657754011,0.5555555555555556,0.7,0.25,2,1,0.0,1.0,0,0.0,12,21,0.46547619047619043,3.5,4,10.0,26
101,1,Graduated,5,332,2,239,4,3,3,-2.1587349253362174,-1.1547005383792577,0.7620481927710844,0.5,0.2,0.0,2,1,0.0,1.0,0,0.0,3,2,0.0,1.3333333333333333,1,0.0,4
102,1,Graduated,13,157,2,129,83,11,11,1.7108173194805136,1.0393008116183602,0.802547770700637,0.5421686746987951,0.5882352941176471,0.3333333333333333,2,1,0.0,1.0,0,0.0,11,23,0.553896103896104,4.181818181818182,4,14.0,35
103,1,Graduated,0,0,0,0,0,0,0,0,0,0,0,1,1,0,0,0,0,0,0,0,0,0,0,0,0,0
104,1,Graduated,3,421,3,210,0,0,0,-0.76111013780064,0,0.517814726840855,0,0.42857142857142855,1,3,3,1.0,2.0,0,1.0,0,0,0,0,0,0,0
105,1,Graduated,42,215,1,195,315,41,40,0,-0.0071484157366620196,1.0,0.6349206349206349,0.0,0.10344827586206896,0,0,0,0,0,0,42,89,0.4579754636897495,4.238095238095238,5,65.0,143
106,1,Graduated,17,41,3,7,117,14,13,-0.06104902500549824,0.20440584542812235,0.8780487804878049,0.4188034188034188,0.4,0.0,3,3,1.0,2.0,0,1.0,14,24,0.31190476190476196,3.4285714285714284,6,13.0,31
107,1,Graduated,269,250,10,122,3976,259,264,0.7879133191682386,-0.02807701868696912,0.36,0.6438631790744467,0.16,0.0,9,20,0.8661375661375661,4.444444444444445,6,20.0,269,1314,0.26449423724213567,9.769516728624536,33,3322.0,1705
108,1,Graduated,19,0,0,0,174,19,19,0,0.8274016663960091,0,0.3160919540229885,1,0.07142857142857142,0,0,0,0,0,0,19,54,0.5796195033037139,5.684210526315789,12,52.0,58
109,1,Graduated,11,0,0,0,37,11,11,0,0.5053021502286208,0,0.5945945945945946,1,0.3333333333333333,0,0,0,0,0,0,13,12,0.0,1.8461538461538463,5,0.0,12
110,1,Graduated,7,0,0,0,54,7,7,0,-0.17070694626040608,0,0.37037037037037035,1,0.3333333333333333,0,0,0,0,0,0,7,11,0.3619047619047619,3.142857142857143,2,2.0,16
112,1,Graduated,0,0,0,0,0,0,0,0,0,0,0,1,1,0,0,0,0,0,0,0,0,0,0,0,0,0
113,1,Graduated,78,495,4,450,391,74,77,3.26522509067788,0.589693335832629,0.9090909090909091,0.6086956521739131,0.3103448275862069,0.034482758620689655,4,5,0.8333333333333333,2.5,2,2.0,77,157,0.3134808235648572,4.077922077922078,5,102.0,175
115,1,Graduated,10,99,3,88,215,7,20,0.025177538938495822,-0.6404454021683773,0.8888888888888888,0.4046511627906977,0.3333333333333333,0.0,3,2,0.0,1.3333333333333333,1,0.0,20,34,0.3277672327672328,3.4,5,13.0,27
116,1,Graduated,13,316,2,156,84,11,10,1.2807870425254648,0.2244989453550337,0.9746835443037974,0.5238095238095238,0.36363636363636365,0.23809523809523808,2,1,0.0,1.0,0,0.0,11,20,0.4727272727272727,3.6363636363636362,6,8.0,31
117,1,Graduated,0,0,0,0,0,0,0,0,0,0,0,1,1,0,0,0,0,0,0,0,0,0,0,0,0,0
118,1,Graduated,27,0,0,0,135,27,26,0,-0.3732064869803868,0,0.4,1,0.23809523809523808,0,0,0,0,0,0,28,53,0.3396310039167182,3.7857142857142856,10,33.0,71
119,1,Graduated,7,18,3,11,35,4,4,2.774148291368039,0.5201454708678922,0.8888888888888888,0.45714285714285713,0.42857142857142855,0.35,2,1,0.0,1.0,0,0.0,4,6,0.8333333333333333,3.0,2,2.0,9
120,1,Graduated,11,15,1,15,77,10,10,0,-0.6199353306594738,1.0,0.4805194805194805,0.0,0.2692307692307692,0,0,0,0,0,0,10,20,0.6116666666666666,4.0,4,10.0,24
121,1,Graduated,89,26,1,22,617,88,87,1.918806447200526,0.4879374489824013,1.0,0.4829821717990275,0.0,0.0,0,0,0,0,0,0,90,232,0.3229570255041954,5.155555555555556,5,170.0,327
122,1,Graduated,50,531,8,403,141,42,42,0.7581647758359064,-2.2896311355026446,0.7382297551789078,0.41843971631205673,0.3076923076923077,0.4,5,3,0.0,1.2,1,0.0,43,64,0.15443471257424743,2.9767441860465116,2,16.0,77
123,1,Graduated,6,73,1,73,17,5,7,0,-1.4521443475320779,1.0,0.35294117647058826,0.0,0.5,0,0,0,0,0,0,8,11,0.44166666666666665,2.75,2,2.0,6
124,1,Graduated,17,9143,5,1241,144,12,12,2.094686952160692,0.6291563118759567,0.8441430602646833,0.5277777777777778,0.3,0.14285714285714285,5,9,0.9,3.6,3,7.0,12,18,0.16666666666666666,3.0,7,2.0,25
127,1,Graduated,0,0,0,0,0,0,0,0,0,0,0,1,1,0,0,0,0,0,0,0,0,0,0,0,0,0
128,1,Graduated,6,0,0,0,21,6,7,0,0.02852104537387829,0,0.42857142857142855,1,0.2857142857142857,0,0,0,0,0,0,7,10,0.6476190476190476,2.857142857142857,3,3.0,11
129,1,Graduated,3,0,0,0,4,3,4,0,1.1547005383792344,0,0.5,1,0.0,0,0,0,0,0,0,4,3,0.0,1.5,2,0.0,2
130,1,Graduated,10,0,0,0,118,10,9,0,0.008742758808384696,0,0.3559322033898305,1,0.3076923076923077,0,0,0,0,0,0,10,20,0.48,4.0,6,9.0,32
131,1,Graduated,19,0,0,0,174,19,19,0,-0.6108150704898878,0,0.5172413793103449,1,0.05555555555555555,0,0,0,0,0,0,20,36,0.3758333333333333,3.6,6,23.0,55
132,1,Graduated,16,181,4,110,58,12,11,0.7413112173101639,-0.5256166521379878,0.580110497237569,0.5,0.1111111111111111,0.07142857142857142,3,3,1.0,2.0,0,1.0,12,22,0.5478835978835979,3.6666666666666665,3,9.0,31
134,1,Graduated,48,12934,11,4605,1138,37,36,0.6746949119725121,-0.08384184825239661,0.8859594866244008,0.5413005272407733,0.11764705882352941,0.0,11,29,0.7668831168831168,5.2727272727272725,9,32.0,37,134,0.5338921924216041,7.243243243243243,15,189.0,201
135,1,Graduated,13,91,4,60,174,9,10,0.4654779054853886,0.30632429590900107,0.5494505494505495,0.3160919540229885,0.20689655172413793,0.10714285714285714,3,2,0.0,1.3333333333333333,1,0.0,10,19,0.38,3.8,6,8.0,28
136,1,Graduated,14,0,0,0,157,14,15,0,0.6966263057743063,0,0.45222929936305734,1,0.125,0,0,0,0,0,0,15,37,0.4356776556776557,4.933333333333334,7,21.0,50
137,1,Graduated,10,801,3,176,60,7,6,-2.427874472280434,-0.20472578054664345,0.9275905118601748,0.43333333333333335,0.5217391304347826,0.25,3,2,0.0,1.3333333333333333,1,0.0,7,10,0.31428571428571433,2.857142857142857,3,2.0,16
138,1,Graduated,9,0,0,0,28,9,8,0,-1.090938050110702,0,0.17857142857142858,1,0.5555555555555556,0,0,0,0,0,0,9,13,0.41851851851851846,2.888888888888889,6,7.0,20
139,1,Graduated,0,0,0,0,0,0,0,0,0,0,0,1,1,0,0,0,0,0,0,0,0,0,0,0,0,0
141,1,Graduated,8,152,1,83,105,7,7,0,1.4435353602560617,1.0,0.38095238095238093,0.0,0.25925925925925924,0,0,0,0,0,0,7,16,0.8095238095238095,4.571428571428571,4,9.0,27
142,1,Graduated,15,379,1,344,186,14,14,6.663074616295145,-0.9154150969582128,1.0,0.41397849462365593,0.0,0.21739130434782608,0,0,0,0,0,0,16,35,0.34464285714285714,4.375,8,16.0,47
143,1,Graduated,13,312,3,110,147,10,10,-0.9860917976129966,-1.2433919842029115,0.46794871794871795,0.4217687074829932,0.5333333333333333,0.3333333333333333,3,2,0.0,1.3333333333333333,1,0.0,10,18,0.5245238095238095,3.6,4,5.0,23
144,1,Graduated,7,8,1,8,14,6,6,0,-0.04755843028533584,1.0,0.21428571428571427,0.0,0.8947368421052632,0,0,0,0,0,0,6,5,0.38888888888888884,1.6666666666666667,3,1.0,8
145,1,Graduated,7,0,0,0,34,7,7,0,0.3582719468678147,0,0.35294117647058826,1,0.14285714285714285,0,0,0,0,0,0,8,11,0.29166666666666663,2.75,3,2.0,16
146,1,Graduated,3,96,3,43,0,0,0,2.2239742511032805,0,0.5833333333333334,0,0.25,1,0,0,0,0,0,0,0,0,0,0,0,0,0
153,1,Graduated,37,192,4,100,241,33,34,-0.5736153471985004,-0.012256249814176001,0.5989583333333334,0.5435684647302904,0.6071428571428571,0.0,3,3,1.0,2.0,0,1.0,34,74,0.3378360970056471,4.352941176470588,8,43.0,97
154,1,Graduated,10,2,1,2,140,9,9,0,0.9948803118379254,1.0,0.35,0.0,0.14814814814814814,0,0,0,0,0,0,9,20,0.6164021164021164,4.444444444444445,5,11.0,27
155,1,Graduated,5,39,3,24,2,2,2,-0.42342406887147704,9.97127185507763e-15,0.5897435897435898,0.5,0.6818181818181818,0.0,0,0,0,0,0,0,2,1,0.0,1.0,0,0.0,2
156,1,Graduated,13,3,3,2,72,10,11,0.7071067811865485,0.06694134455220183,0.3333333333333333,0.5138888888888888,0.6666666666666666,0.25,2,1,0.0,1.0,0,0.0,11,12,0.0,2.1818181818181817,2,0.0,19
157,1,Graduated,11,0,0,0,71,11,10,0,1.2789993879199015,0,0.4788732394366197,1,0.41379310344827586,0,0,0,0,0,0,11,25,0.5307359307359307,4.545454545454546,6,16.0,35
159,1,Graduated,5,0,0,0,13,5,4,0,0.5699192074745795,0,0.46153846153846156,1,0.6666666666666666,0,0,0,0,0,0,5,5,0.0,2.0,1,0.0,7
160,1,Graduated,6,0,0,0,32,6,6,0,0.046643672106702505,0,0.40625,1,0.35294117647058826,0,0,0,0,0,0,6,11,0.6777777777777777,3.6666666666666665,4,5.0,14
161,1,Graduated,43,718,6,437,264,37,37,0.6084691487395627,2.2752785386764636,0.5974930362116991,0.3484848484848485,0.2222222222222222,0.42857142857142855,6,9,0.6388888888888888,3.0,5,5.0,38,99,0.29745457500875455,5.2105263157894735,14,68.0,127
163,1,Graduated,0,0,0,0,0,0,0,0,0,0,0,1,1,0,0,0,0,0,0,0,0,0,0,0,0,0
164,1,Graduated,6,0,0,0,46,6,6,0,-0.1605984882624664,0,0.2608695652173913,1,0.0,0,0,0,0,0,0,6,11,0.6777777777777777,3.6666666666666665,2,5.0,18
167,1,Graduated,22,943,8,267,142,14,13,-0.11580358488939661,0.8116218934832412,0.28525980911983034,0.33098591549295775,0.13636363636363635,0.14814814814814814,7,13,0.9238095238095239,3.7142857142857144,5,11.0,14,42,0.5900793650793651,6.0,10,42.0,57
168,1,Graduated,34,0,0,0,428,34,32,0,1.13798694878349,0,0.5957943925233645,1,0.1111111111111111,0,0,0,0,0,0,34,109,0.5238169510228333,6.411764705882353,13,128.0,149
169,1,Graduated,45,2681,6,1044,464,39,37,0.06044171246674495,-0.011330352122554364,0.5124953375606117,0.6077586206896551,0.17857142857142858,0.0,6,8,0.5833333333333334,2.6666666666666665,5,4.0,40,100,0.4178875225554542,5.0,4,89.0,132
170,1,Graduated,3,21,1,11,2,2,2,0,-3.252606517456516e-15,1.0,0.5,0.0,0.6666666666666666,0,0,0,0,0,0,3,2,0.0,1.3333333333333333,1,0.0,0
171,1,Graduated,1,1,1,1,0,0,0,0,0,1.0,0,0.0,1,0,0,0,0,0,0,0,0,0,0,0,0,0
172,1,Graduated,20,2190,2,748,99,18,20,12.863417507877891,0.35390229972321197,0.9940639269406393,0.3333333333333333,0.9333333333333333,0.2413793103448276,2,1,0.0,1.0,0,0.0,20,39,0.3707936507936508,3.9,8,13.0,44
173,1,Graduated,0,0,0,0,0,0,0,0,0,0,0,1,1,0,0,0,0,0,0,0,0,0,0,0,0,0
175,1,Graduated,20,2298,7,783,123,13,12,-0.19383266602631463,-0.857069925649456,0.5983463881636205,0.6016260162601627,0.125,0.21739130434782608,7,12,0.6904761904761906,3.4285714285714284,5,8.0,13,25,0.39304029304029303,3.8461538461538463,6,12.0,32
176,1,Graduated,18,2454,4,701,349,14,14,-0.23834820431263565,0.4524178269753856,0.5244498777506112,0.5386819484240688,0.125,0.0,4,6,1.0,3.0,0,4.0,14,31,0.5659245516388374,4.428571428571429,4,19.0,46
177,1,Graduated,6,0,0,0,41,6,6,0,1.038652697741456,0,0.36585365853658536,1,0.46153846153846156,0,0,0,0,0,0,6,9,0.25,3.0,3,1.0,13
178,1,Graduated,5,0,0,0,24,5,4,0,0.20568555724650245,0,0.4166666666666667,1,0.25,0,0,0,0,0,0,5,8,0.0,3.2,4,0.0,8
179,1,Graduated,4,7,1,5,12,3,3,0.5891198977906645,-0.052244818094174424,1.0,0.4166666666666667,0.6,0.6470588235294118,0,0,0,0,0,0,3,3,1.0,2.0,0,1.0,6
181,1,Graduated,6,17,1,15,13,5,5,0,-0.7161077509924383,1.0,0.38461538461538464,0.0,0.4,0,0,0,0,0,0,5,4,0.0,1.6,2,0.0,8
182,1,Graduated,11,66,1,15,65,10,9,0.6457327353549751,0.5856753796241196,1.0,0.35384615384615387,0.0,0.0,0,0,0,0,0,0,10,17,0.30666666666666664,3.4,6,3.0,24
183,1,Graduated,21,248,6,169,381,15,18,-0.48639898249181085,0.22407787973515275,0.8225806451612904,0.49868766404199477,0.2631578947368421,0.045454545454545456,6,9,0.6388888888888888,3.0,5,5.0,18,50,0.45997150997151004,5.555555555555555,10,47.0,77
184,1,Graduated,143,254,25,24,2256,118,116,-0.24410949902464102,0.22790306268751775,0.7086614173228346,0.5460992907801419,0.0,0.0,25,258,0.9319841897233201,20.64,23,1777.0,120,603,0.39505970334200985,10.05,18,1240.0,892
185,1,Graduated,1,383,1,372,0,0,0,7.800592827003208,0,1.0,0,0.0,1,0,0,0,0,0,0,0,0,0,0,0,0,0
186,1,Graduated,20,0,0,0,48,20,19,0,-0.5893339091520332,0,0.3333333333333333,1,0.4666666666666667,0,0,0,0,0,0,21,26,0.061111111111111116,2.4761904761904763,4,3.0,29
187,1,Graduated,13,0,0,0,46,13,13,0,0.9249967796553165,0,0.45652173913043476,1,0.4375,0,0,0,0,0,0,13,17,0.2641025641025641,2.6153846153846154,5,4.0,25
188,1,Graduated,4,0,0,0,15,4,4,0,0.37513082885729276,0,0.6666666666666666,1,0.6923076923076923,0,0,0,0,0,0,4,4,0.0,2.0,1,0.0,7
189,1,Graduated,14,363,1,50,28,13,13,-0.1949689460238234,-0.10668433438125059,1.0,0.42857142857142855,0.5454545454545454,0.0,0,0,0,0,0,0,13,17,0.15384615384615385,2.6153846153846154,4,3.0,15
190,1,Graduated,8,134,3,109,81,5,14,-0.4364102902389778,-0.3213208683336102,0.4925373134328358,0.49382716049382713,0.0,0.0,3,2,0.0,1.3333333333333333,1,0.0,14,21,0.22770562770562772,3.0,3,4.0,15
191,1,Graduated,0,0,0,0,0,0,0,0,0,0,0,1,1,0,0,0,0,0,0,0,0,0,0,0,0,0
192,1,Graduated,13,0,0,0,307,13,14,0,-0.20788188044492295,0,0.501628664495114,1,0.034482758620689655,0,0,0,0,0,0,14,25,0.31462585034013607,3.5714285714285716,4,6.0,35
194,1,Graduated,0,0,0,0,0,0,0,0,0,0,0,1,1,0,0,0,0,0,0,0,0,0,0,0,0,0
195,1,Graduated,20,0,0,0,314,20,20,0,-1.6156150127553333,0,0.5318471337579618,1,0.12,0,0,0,0,0,0,20,38,0.6005555555555555,3.8,8,12.0,59
196,1,Graduated,38,900,6,723,387,32,32,3.0540162123908985,-0.616904049675077,0.8677777777777778,0.43410852713178294,0.16666666666666666,0.037037037037037035,6,7,0.7000000000000001,2.3333333333333335,1,2.0,34,112,0.523864344138429,6.588235294117647,11,146.0,175
197,1,Graduated,14,1136,7,996,12,7,7,2.9650923891349548,1.6324465005934579,0.49471830985915494,0.3333333333333333,0.5454545454545454,0.7777777777777778,7,11,0.6047619047619047,3.142857142857143,5,5.0,7,6,0.0,1.7142857142857142,3,0.0,10
199,1,Graduated,14,239,3,234,69,11,11,-6.694876214043665,-0.05285563949515968,0.9707112970711297,0.4782608695652174,0.6,0.3181818181818182,2,1,0.0,1.0,0,0.0,11,21,0.38571428571428573,3.8181818181818183,5,14.0,35
200,1,Graduated,2,0,0,0,3,2,2,0,0,0,0.6666666666666666,1,0.0,0,0,0,0,0,0,2,1,0.0,1.0,0,0.0,2
201,1,Graduated,22,32,2,15,290,20,24,0,0.9281210608406782,0.8125,0.5517241379310345,0.0,0.09090909090909091,2,1,0.0,1.0,0,0.0,24,56,0.40495335561125034,4.666666666666667,6,36.0,76
202,1,Graduated,24,617,6,541,85,18,20,9.227910519326274,-0.24181564913755307,0.8865478119935171,0.3764705882352941,0.0,0.25,6,6,0.36111111111111116,2.0,4,1.0,21,34,0.16077097505668933,3.238095238095238,10,9.0,41
203,1,Graduated,15,477,3,246,67,12,13,0.11100261299980127,-0.2611740015653044,0.7987421383647799,0.5671641791044776,0.34615384615384615,0.13043478260869565,3,2,0.0,1.3333333333333333,1,0.0,14,22,0.28611111111111104,3.142857142857143,5,6.0,27
204,1,Graduated,20,1247,2,326,82,18,18,0.27545788836966467,0.24200256265794254,0.9703287890938251,0.573170731707317,0.38461538461538464,0.3076923076923077,2,1,0.0,1.0,0,0.0,18,27,0.5412698412698413,3.0,2,9.0,37
205,1,Graduated,8,0,0,0,32,8,7,0,-0.12260783255448976,0,0.25,1,0.42857142857142855,0,0,0,0,0,0,8,12,0.4625,3.0,4,4.0,13
206,1,Graduated,11,10,1,9,69,10,10,0.8728715609439563,-1.2414197996915632,1.0,0.2753623188405797,0.5,0.1875,0,0,0,0,0,0,10,15,0.32666666666666666,3.0,6,5.0,27
207,1,Graduated,12,141,2,10,71,10,10,-9.285654095150372,-2.2535870852121764,0.8652482269503546,0.676056338028169,0.4,0.2,2,1,0.0,1.0,0,0.0,10,12,0.20666666666666664,2.4,2,1.0,13
208,1,Graduated,12,718,2,570,27,10,10,-1.3635637536023102,-0.3009563055252644,0.9805013927576601,0.4074074074074074,0.35714285714285715,0.3076923076923077,2,1,0.0,1.0,0,0.0,10,12,0.3107142857142857,2.4,3,3.0,22
209,1,Graduated,12,97,2,70,29,10,11,0.4573863178241205,0.6910692227207643,0.8762886597938144,0.3448275862068966,0.8095238095238095,0.375,2,1,0.0,1.0,0,0.0,13,15,0.05897435897435897,2.3076923076923075,4,1.0,17
210,1,Graduated,0,0,0,0,0,0,0,0,0,0,0,1,1,0,0,0,0,0,0,0,0,0,0,0,0,0
211,1,Graduated,8,3,1,3,40,7,8,0,-0.5049419255870267,1.0,0.3,0.0,0.7058823529411765,0,0,0,0,0,0,8,12,0.55,3.0,5,4.0,16
212,1,Graduated,7,0,0,0,164,7,7,0,0.21661847106355386,0,0.725609756097561,1,0.12,0,0,0,0,0,0,7,7,0.0,2.0,6,0.0,9
213,1,Graduated,23,189,2,114,274,21,23,0.04535422179851488,0.07008917995170416,0.6878306878306878,0.7043795620437956,0.28,0.11538461538461539,2,1,0.0,1.0,0,0.0,23,43,0.25952380952380955,3.739130434782609,3,16.0,65
214,1,Graduated,13,250,2,171,109,11,12,1.3545356305695793,0.24488575114961245,0.992,0.5504587155963303,0.2631578947368421,0.34615384615384615,2,1,0.0,1.0,0,0.0,13,24,0.48547008547008547,3.6923076923076925,5,15.0,29
215,1,Graduated,25,292,4,106,196,21,23,0.896833531284239,0.3069576748503284,0.5753424657534246,0.5510204081632653,0.0,0.0,4,6,1.0,3.0,0,4.0,23,39,0.17363699102829536,3.391304347826087,7,22.0,62
216,1,Graduated,22,499,8,450,84,14,13,-4.6144698520165015,0.07617002679274859,0.8637274549098196,0.5119047619047619,0.0,0.23076923076923078,8,11,0.5291666666666666,2.75,3,4.0,14,21,0.21496598639455783,3.0,7,8.0,33
217,1,Graduated,11,0,0,0,73,11,11,0,0.2805916680567904,0,0.6027397260273972,1,0.38095238095238093,0,0,0,0,0,0,11,18,0.43939393939393945,3.272727272727273,4,7.0,30
218,1,Graduated,33,538,8,342,339,25,26,-2.820903651352419,-0.6996006844210474,0.7862453531598513,0.5221238938053098,0.2608695652173913,0.2222222222222222,8,9,0.35,2.25,2,2.0,28,82,0.5588108320251177,5.857142857142857,10,79.0,90
219,1,Graduated,0,0,0,0,0,0,0,0,0,0,0,1,1,0,0,0,0,0,0,0,0,0,0,0,0,0
220,1,Graduated,5,76,4,20,1,1,1,0.15503552925722186,0,0.868421052631579,1.0,0.5,0.0,2,1,0.0,1.0,0,0.0,1,1,0.0,2.0,0,0.0,1
221,1,Graduated,70,5204,11,913,822,59,56,0.2552146652844516,-0.29267799603203126,0.7315526518063028,0.4586374695863747,0.045454545454545456,0.0,10,23,0.7228571428571429,4.6,7,31.0,60,241,0.425996879903025,8.033333333333333,21,397.0,279
222,1,Graduated,12,27,4,12,88,8,9,-1.2950798292437993,-0.4211159740833078,0.4444444444444444,0.3181818181818182,0.6818181818181818,0.3181818181818182,4,4,0.5833333333333333,2.0,3,1.0,9,20,0.6074074074074074,4.444444444444445,7,13.0,28
223,1,Graduated,58,1420,18,1035,417,40,44,1.7374793279521592,0.1209385609702132,0.9183098591549296,0.41247002398081534,0.047619047619047616,0.0,17,36,0.7138655462184873,4.235294117647059,6,31.0,46,121,0.27153989931786404,5.260869565217392,13,100.0,161
225,1,Graduated,26,4884,4,1059,310,22,23,0.4848548377072235,0.2641619815231732,0.8701883701883701,0.532258064516129,0.1875,0.047619047619047616,3,3,1.0,2.0,0,1.0,23,59,0.35514147688060727,5.130434782608695,8,32.0,69
226,1,Graduated,21,455,10,338,54,11,10,-0.11346139860998565,0.4221923838023148,0.3010989010989011,0.6111111111111112,0.10344827586206896,0.24,8,17,0.7845238095238095,4.25,5,14.0,11,17,0.4374458874458874,3.090909090909091,2,5.0,21
227,1,Graduated,24,733,6,657,212,18,17,3.2297789677859803,0.050327416794867866,0.9481582537517054,0.5990566037735849,0.3125,0.0,6,6,0.35000000000000003,2.0,1,1.0,18,38,0.4393957893957894,4.222222222222222,6,26.0,54
229,1,Graduated,5,416,1,386,7,4,3,0,0.527133605491377,1.0,0.42857142857142855,0.0,0.6,0,0,0,0,0,0,4,3,0.0,1.5,2,0.0,4
230,1,Graduated,6,0,0,0,63,6,17,0,-2.224829920922271,0,0.5079365079365079,1,0.1,0,0,0,0,0,0,17,21,0.10409982174688057,2.4705882352941178,3,2.0,15
231,1,Graduated,9,17,2,15,26,7,8,3.7499999999999973,0.6357701906559077,0.9411764705882353,0.6153846153846154,0.75,0.6363636363636364,2,1,0.0,1.0,0,0.0,8,10,0.15833333333333333,2.5,2,1.0,11
232,1,Graduated,29,3220,7,897,176,22,25,-2.3311269355931588,-0.8044997315286561,0.7645962732919255,0.3693181818181818,0.5,0.04,7,15,0.8571428571428571,4.285714285714286,5,14.0,25,50,0.3513333333333333,4.0,10,32.0,70
234,1,Graduated,0,0,0,0,0,0,0,0,0,0,0,1,1,0,0,0,0,0,0,0,0,0,0,0,0,0
235,1,Graduated,0,0,0,0,0,0,0,0,0,0,0,1,1,0,0,0,0,0,0,0,0,0,0,0,0,0
236,1,Graduated,13,0,0,0,211,13,14,0,-0.1236182033928374,0,0.3933649289099526,1,0.18518518518518517,0,0,0,0,0,0,14,47,0.572562358276644,6.714285714285714,12,49.0,67
238,1,Graduated,25,759,2,489,82,23,21,11.113413882668398,0.285550527197115,0.6824769433465085,0.4024390243902439,0.0,0.2916666666666667,2,1,0.0,1.0,0,0.0,23,38,0.3037957211870255,3.3043478260869565,6,11.0,54
239,1,Graduated,10,1254,3,239,55,7,7,-1.4946204719315062,-0.9414533190667809,0.9481658692185008,0.4,0.8181818181818182,0.43478260869565216,3,2,0.0,1.3333333333333333,1,0.0,7,14,0.6904761904761905,4.0,6,10.0,15
240,1,Graduated,12,1051,5,839,423,7,10,-1.9846627331702338,-0.6586798606433881,0.8782112274024738,0.5295508274231678,0.2,0.0,4,6,1.0,3.0,0,4.0,11,23,0.4772727272727273,4.181818181818182,6,12.0,25
241,1,Graduated,3,0,0,0,3,3,2,0,-0.7071067811865492,0,0.3333333333333333,1,0.6666666666666666,0,0,0,0,0,0,3,2,0.0,1.3333333333333333,1,0.0,2
242,1,Graduated,6,0,0,0,17,6,6,0,-0.57272745647703,0,0.35294117647058826,1,0.5454545454545454,0,0,0,0,0,0,6,6,0.27777777777777773,2.0,4,1.0,12
243,1,Graduated,0,0,0,0,0,0,0,0,0,0,0,1,1,0,0,0,0,0,0,0,0,0,0,0,0,0
244,1,Graduated,0,0,0,0,0,0,0,0,0,0,0,1,1,0,0,0,0,0,0,0,0,0,0,0,0,0
246,1,Graduated,5,15,1,15,53,4,7,0,0.5786852028502838,1.0,0.5283018867924528,0.0,0.0,0,0,0,0,0,0,7,10,0.39999999999999997,2.857142857142857,3,2.0,10
247,1,Graduated,0,0,0,0,0,0,0,0,0,0,0,1,1,0,0,0,0,0,0,0,0,0,0,0,0,0
248,1,Graduated,27,1115,2,647,243,25,25,1.0059186444010906,-0.8030625303803904,0.7246636771300449,0.46502057613168724,0.6666666666666666,0.11538461538461539,2,1,0.0,1.0,0,0.0,25,65,0.4831111111111111,5.2,10,50.0,89
250,1,Graduated,13,0,0,0,107,13,14,0,-1.00590047792163,0,0.6355140186915887,1,0.3076923076923077,0,0,0,0,0,0,14,20,0.1869047619047619,2.857142857142857,4,3.0,32
252,1,Graduated,24,26,2,23,163,22,22,4.800000000000019,0.2898510940532069,0.9615384615384616,0.4049079754601227,0.5,0.058823529411764705,2,1,0.0,1.0,0,0.0,22,59,0.4117407844680571,5.363636363636363,11,43.0,69
253,1,Retired,0,0,0,0,0,0,0,0,0,0,0,1,1,0,0,0,0,0,0,0,0,0,0,0,0,0
254,1,Retired,4,0,0,0,11,4,4,0,0.6120145636970903,0,0.36363636363636365,1,0.75,0,0,0,0,0,0,4,5,0.8333333333333333,2.5,2,2.0,6
256,1,Retired,3,0,0,0,17,3,3,0,1.214823887049216,0,0.47058823529411764,1,0.7777777777777778,0,0,0,0,0,0,3,4,1.0,2.6666666666666665,1,1.0,7
257,1,Retired,19,215,2,98,318,17,18,-1.9180276518112,-0.11762948204348946,0.8697674418604651,0.4276729559748428,0.3,0.0,2,1,0.0,1.0,0,0.0,19,53,0.5482532087795245,5.578947368421052,10,45.0,73
259,1,Retired,3,0,0,0,6,3,3,0,-0.6399999999999981,0,0.3333333333333333,1,0.6666666666666666,0,0,0,0,0,0,3,3,1.0,2.0,0,1.0,6
260,1,Retired,6,97,3,61,46,3,6,-1.5610493451717264,-0.22593953638719147,0.4948453608247423,0.8043478260869565,0.7083333333333334,0.2,0,0,0,0,0,0,6,7,0.0,2.3333333333333335,2,0.0,6
261,1,Retired,3,0,0,0,5,3,3,0,0,0,0.6,1,0.0,0,0,0,0,0,0,3,2,0.0,1.3333333333333333,1,0.0,4
263,1,Retired,14,92,3,36,166,11,11,1.5761714750978284,1.4412678487320214,0.5108695652173914,0.6144578313253012,0.6923076923076923,0.13043478260869565,3,3,1.0,2.0,0,1.0,11,23,0.6733044733044733,4.181818181818182,5,14.0,36
264,1,Retired,16,8135,6,5906,160,10,11,2.075605515868798,0.15546319441956205,0.8636754763368162,0.4625,0.1724137931034483,0.08333333333333333,5,8,0.8666666666666666,3.2,4,5.0,12,20,0.38240740740740736,3.3333333333333335,4,9.0,26
267,1,Retired,10,440,3,276,55,7,8,-1.035971382038659,-0.9694417742119139,0.7886363636363637,0.32727272727272727,0.0,0.36363636363636365,3,2,0.0,1.3333333333333333,1,0.0,8,14,0.3125,3.5,4,4.0,19
268,1,Retired,10,14,1,14,56,9,9,0,-1.6744355450997097,1.0,0.2857142857142857,0.0,0.25,0,0,0,0,0,0,9,20,0.5772486772486771,4.444444444444445,5,11.0,25
269,1,Retired,7,22,1,19,20,6,5,0,-0.29284670153733877,1.0,0.45,0.0,0.45454545454545453,0,0,0,0,0,0,7,7,0.23809523809523808,2.0,2,1.0,9
270,1,Retired,0,0,0,0,0,0,0,0,0,0,0,1,1,0,0,0,0,0,0,0,0,0,0,0,0,0
271,1,Retired,3,0,0,0,6,3,3,0,-0.48613591206575507,0,0.5,1,0.0,0,0,0,0,0,0,3,2,0.0,1.3333333333333333,1,0.0,4
272,1,Retired,0,0,0,0,0,0,0,0,0,0,0,1,1,0,0,0,0,0,0,0,0,0,0,0,0,0
273,1,Retired,0,0,0,0,0,0,0,0,0,0,0,1,1,0,0,0,0,0,0,0,0,0,0,0,0,0
276,1,Retired,0,0,0,0,0,0,0,0,0,0,0,1,1,0,0,0,0,0,0,0,0,0,0,0,0,0
277,1,Retired,0,0,0,0,0,0,0,0,0,0,0,1,1,0,0,0,0,0,0,0,0,0,0,0,0,0
279,1,Retired,0,0,0,0,0,0,0,0,0,0,0,1,1,0,0,0,0,0,0,0,0,0,0,0,0,0
280,1,Retired,10,0,0,0,63,10,9,0,0.6630250193510956,0,0.2698412698412698,1,0.3333333333333333,0,0,0,0,0,0,10,23,0.5276190476190477,4.6,4,14.0,35
281,1,Retired,0,0,0,0,0,0,0,0,0,0,0,1,1,0,0,0,0,0,0,0,0,0,0,0,0,0
283,1,Retired,4,0,0,0,16,4,4,0,1.204100646685793,0,0.625,1,0.6153846153846154,0,0,0,0,0,0,4,4,0.0,2.0,1,0.0,7
285,1,Retired,10,0,0,0,67,10,10,0,0.13650761361591035,0,0.373134328358209,1,0.3181818181818182,0,0,0,0,0,0,10,17,0.47333333333333333,3.4,4,7.0,24
286,1,Retired,4,188,1,161,28,3,3,2.3390334002733026,-0.18446922789795112,1.0,0.4642857142857143,0.25,0.3,0,0,0,0,0,0,3,4,1.0,2.6666666666666665,1,1.0,7
287,1,Retired,9,12,1,12,34,8,7,0,-0.47387458858746495,1.0,0.35294117647058826,0.0,0.4090909090909091,0,0,0,0,0,0,8,13,0.4375,3.25,3,3.0,17
288,1,Retired,16,84,5,53,91,11,11,0.7224205878577444,0.5763127811948152,0.3333333333333333,0.5054945054945055,0.5714285714285714,0.125,5,7,0.7,2.8,4,4.0,11,24,0.5757575757575758,4.363636363636363,5,14.0,42
289,1,Retired,3,57,3,53,0,0,0,0,0,0.7719298245614035,0,0.0,1,2,1,0.0,1.0,0,0.0,0,0,0,0,0,0,0
290,1,Retired,0,0,0,0,0,0,0,0,0,0,0,1,1,0,0,0,0,0,0,0,0,0,0,0,0,0
291,1,Retired,6,45,2,26,20,4,5,6.4824939084219695,0.019210593801135427,0.6222222222222222,0.5,0.6666666666666666,0.0,2,1,0.0,1.0,0,0.0,5,8,0.6,3.2,2,2.0,8
292,1,Retired,16,2343,1,206,98,15,14,1.6193669265340576,-1.7007920299019639,1.0,0.45918367346938777,0.2,0.3684210526315789,0,0,0,0,0,0,15,25,0.49650793650793656,3.3333333333333335,7,10.0,40
293,1,Retired,5,482,2,219,11,3,4,-4.347831252448062,0.026039654657760675,0.9253112033195021,0.6363636363636364,0.5555555555555556,0.5333333333333333,2,1,0.0,1.0,0,0.0,4,4,0.0,2.0,1,0.0,5
294,1,Retired,15,257,7,117,49,8,8,0.1143879288878686,1.9572928473922748,0.5836575875486382,0.2857142857142857,0.06666666666666667,0.375,7,14,0.819047619047619,4.0,4,11.0,8,10,0.4375,2.5,5,4.0,17
295,1,Retired,0,0,0,0,0,0,0,0,0,0,0,1,1,0,0,0,0,0,0,0,0,0,0,0,0,0
296,1,Retired,9,0,0,0,53,9,9,0,-0.626477164382133,0,0.37735849056603776,1,0.5,0,0,0,0,0,0,9,21,0.765079365079365,4.666666666666667,7,17.0,23
297,1,Retired,18,58,5,42,258,13,16,-1.674047510092877,0.09972652622107178,0.3275862068965517,0.5426356589147286,0.4,0.0,4,3,0.0,1.5,1,0.0,16,41,0.5613005050505051,5.125,9,24.0,59
298,1,Retired,14,4162,4,588,81,10,11,-2.380034842350222,-0.31728394225913675,0.7705430081691494,0.32098765432098764,0.13043478260869565,0.17391304347826086,4,4,0.5833333333333333,2.0,3,1.0,11,16,0.4374458874458874,2.909090909090909,2,5.0,22
299,1,Retired,14,754,7,277,88,7,7,-0.3141494189967722,0.4453624173870055,0.46153846153846156,0.23863636363636365,0.1111111111111111,0.37037037037037035,7,14,0.7142857142857143,4.0,6,13.0,7,18,0.7380952380952381,5.142857142857143,5,11.0,29
301,1,Retired,7,319,2,239,26,5,6,0.08625354503164304,-3.263670982358675,0.542319749216301,0.46153846153846156,0.8695652173913043,0.8636363636363636,0,0,0,0,0,0,6,9,0.5499999999999999,3.0,4,4.0,11
302,1,Retired,0,0,0,0,0,0,0,0,0,0,0,1,1,0,0,0,0,0,0,0,0,0,0,0,0,0
303,1,Retired,7,73,1,57,39,6,6,-0.042201244403399535,0.4473963282583316,1.0,0.6410256410256411,0.0,0.125,0,0,0,0,0,0,7,9,0.20476190476190476,2.5714285714285716,3,1.0,12
305,1,Retired,11,608,1,465,183,10,10,4.998006148492308,0.5481872236042391,1.0,0.26229508196721313,0.6,0.08333333333333333,0,0,0,0,0,0,10,29,0.6909523809523809,5.8,8,30.0,49
306,1,Retired,55,0,0,0,312,55,55,0,1.1238647768719656,0,0.4519230769230769,1,0.14285714285714285,0,0,0,0,0,0,55,130,0.22041201223019402,4.7272727272727275,17,72.0,171
308,1,Retired,3,26,1,26,4,2,3,0,-2.0608514894604476e-15,1.0,0.5,0.0,0.8,0,0,0,0,0,0,5,3,0.0,1.2,1,0.0,0
310,1,Retired,15,3,2,2,52,13,13,-0.7071067811865546,-0.2252982118294868,0.6666666666666666,0.4423076923076923,0.0,0.14285714285714285,0,0,0,0,0,0,14,22,0.35260770975056693,3.142857142857143,4,11.0,31
311,1,Retired,9,0,0,0,40,9,9,0,-0.029679599800766343,0,0.35,1,0.4117647058823529,0,0,0,0,0,0,9,10,0.28148148148148144,2.2222222222222223,3,2.0,13
312,1,Retired,15,0,0,0,102,15,13,0,0.2436615626099971,0,0.38235294117647056,1,0.07692307692307693,0,0,0,0,0,0,15,32,0.29671957671957666,4.266666666666667,7,14.0,45
49,1,Graduated,14,465,2,257,358,12,13,1.2240649376061927,0.19754655155963308,0.8881720430107527,0.5865921787709497,0.2,0.1724137931034483,2,1,0.0,1.0,0,0.0,13,31,0.643922743922744,4.769230769230769,6,26.0,48
50,1,Graduated,18,25,3,19,120,15,13,0.06158265419876178,-0.3298185274414948,0.68,0.43333333333333335,0.42857142857142855,0.25925925925925924,3,2,0.0,1.3333333333333333,1,0.0,15,39,0.5930735930735931,5.2,9,43.0,44
51,1,Graduated,4,0,0,0,14,4,3,0,-0.19058182745263133,0,0.42857142857142855,1,0.45454545454545453,0,0,0,0,0,0,4,4,0.0,2.0,2,0.0,5
52,1,Graduated,16,3863,7,1105,28,9,9,-0.7189363947303317,0.016176830933093314,0.694279057727155,0.32142857142857145,0.14285714285714285,0.21428571428571427,7,15,0.8285714285714286,4.285714285714286,3,13.0,9,10,0.16666666666666666,2.2222222222222223,5,1.0,17
53,1,Graduated,3,165,1,160,14,2,3,6.161115696275332,0.7565759018567096,1.0,0.9285714285714286,0.8888888888888888,0.5,0,0,0,0,0,0,3,3,0.0,2.0,1,0.0,3
54,1,Graduated,11,0,0,0,77,11,11,0,-1.0193501803348288,0,0.4935064935064935,1,0.1111111111111111,0,0,0,0,0,0,11,27,0.5443722943722944,4.909090909090909,6,12.0,37
55,1,Graduated,3,0,0,0,7,3,3,0,0.02243332596769111,0,0.5714285714285714,1,0.7272727272727273,0,0,0,0,0,0,3,3,0.0,2.0,2,0.0,5
56,1,Graduated,6,375,4,146,18,2,2,0.9915604107142424,-0.38483529671784367,0.632,0.7222222222222222,0.14285714285714285,0.16666666666666666,4,6,1.0,3.0,0,4.0,2,2,0.0,2.0,0,0.0,2
57,1,Graduated,7,43,1,43,13,6,6,0,0.7790168701322312,1.0,0.3076923076923077,0.0,0.3333333333333333,0,0,0,0,0,0,6,7,0.0,2.3333333333333335,2,0.0,10
58,1,Graduated,8,0,0,0,94,8,10,0,1.1065636489752968,0,0.5319148936170213,1,0.4090909090909091,0,0,0,0,0,0,10,21,0.4080952380952382,4.2,6,13.0,27
59,1,Graduated,71,548,18,263,469,53,54,-0.582829584924642,0.19119623746812947,0.4251824817518248,0.42217484008528783,0.06896551724137931,0.038461538461538464,16,31,0.5136904761904761,3.875,10,24.0,55,133,0.23467532030155164,4.836363636363636,17,86.0,167
61,1,Graduated,43,588,8,242,623,35,37,2.2935909095042963,0.6906085752482528,0.5085034013605442,0.41091492776886035,0.5,0.043478260869565216,7,14,0.8666666666666666,4.0,5,12.0,37,151,0.5200401391577864,8.162162162162161,14,217.0,209
62,1,Graduated,10,31,1,30,52,9,8,2.0180499844009887,-0.47477417219352713,1.0,0.25,0.7777777777777778,0.3333333333333333,0,0,0,0,0,0,9,17,0.7037037037037037,3.7777777777777777,4,7.0,26
63,1,Graduated,4,77,3,61,1,1,1,-0.7408350938832167,0,0.6493506493506493,1.0,0.42857142857142855,0.0,3,2,0.0,1.3333333333333333,1,0.0,2,1,0.0,1.0,0,0.0,0
64,1,Graduated,0,0,0,0,0,0,0,0,0,0,0,1,1,0,0,0,0,0,0,0,0,0,0,0,0,0
65,1,Graduated,46,369,9,198,180,37,36,-1.1783807731368223,0.3986747139904403,0.43360433604336046,0.4111111111111111,0.3684210526315789,0.038461538461538464,8,9,0.5833333333333333,2.25,7,2.0,37,77,0.31977404608983556,4.162162162162162,8,46.0,90
66,1,Graduated,13,763,4,260,127,9,9,-0.6218354322966514,0.28451930579876594,0.3840104849279161,0.33858267716535434,0.42857142857142855,0.06666666666666667,4,6,1.0,3.0,0,4.0,9,21,0.5,4.666666666666667,6,9.0,27
67,1,Graduated,0,0,0,0,0,0,0,0,0,0,0,1,1,0,0,0,0,0,0,0,0,0,0,0,0,0
68,1,Graduated,5,234,1,224,10,4,4,0,-0.9334711751954751,1.0,0.6,0.0,0.6,0,0,0,0,0,0,5,5,0.0,2.0,3,0.0,3
69,1,Graduated,7,0,0,0,38,7,7,0,0.47096159016631645,0,0.4473684210526316,1,0.4166666666666667,0,0,0,0,0,0,7,9,0.19047619047619047,2.5714285714285716,2,1.0,16
70,1,Graduated,22,689,10,218,74,12,12,-0.25791985090110475,-0.8816517425812415,0.4528301886792453,0.3783783783783784,0.3125,0.16,8,10,0.39583333333333337,2.5,3,3.0,12,25,0.4162698412698413,4.166666666666667,7,14.0,46
71,1,Graduated,3,67,1,52,2,2,2,3.227192869157601,-9.97127185507763e-15,1.0,0.5,0.8571428571428571,0.0,0,0,0,0,0,0,2,1,0.0,1.0,0,0.0,2
72,1,Graduated,9,0,0,0,34,9,8,0,-2.303258201699223,0,0.35294117647058826,1,0.68,0,0,0,0,0,0,9,13,0.4973544973544974,2.888888888888889,4,3.0,16
73,1,Graduated,19,1080,12,477,22,7,7,0.006734955439145979,-1.6093676820832241,0.6305555555555555,0.5,0.0,0.5714285714285714,12,48,0.8663540163540163,8.0,10,99.0,7,7,0.0,2.0,5,0.0,10
74,1,Graduated,0,0,0,0,0,0,0,0,0,0,0,1,1,0,0,0,0,0,0,0,0,0,0,0,0,0
75,1,Graduated,14,0,0,0,126,14,14,0,-0.08950460076273746,0,0.5396825396825397,1,0.10526315789473684,0,0,0,0,0,0,14,25,0.4116883116883117,3.5714285714285716,3,9.0,44
76,1,Graduated,0,0,0,0,0,0,0,0,0,0,0,1,1,0,0,0,0,0,0,0,0,0,0,0,0,0
77,1,Graduated,21,259,6,86,57,15,15,1.1022400728140131,1.0810042044182546,0.7876447876447876,0.3333333333333333,0.6538461538461539,0.37037037037037035,5,6,0.5333333333333333,2.4,4,2.0,15,28,0.20714285714285716,3.7333333333333334,8,3.0,32
78,1,Graduated,11,0,0,0,89,11,11,0,0.474673010120375,0,0.5842696629213483,1,0.18518518518518517,0,0,0,0,0,0,11,19,0.4666666666666666,3.4545454545454546,6,4.0,26
79,1,Graduated,17,139,4,69,273,13,14,1.3091189875572429,0.5456657084620967,0.3597122302158273,0.4358974358974359,0.0,0.125,4,3,0.0,1.5,1,0.0,15,34,0.3823809523809524,4.533333333333333,10,11.0,46
80,1,Graduated,2,0,0,0,3,2,2,0,-0.38180177416060085,0,0.6666666666666666,1,0.5,0,0,0,0,0,0,2,1,0.0,1.0,0,0.0,2
81,1,Graduated,75,0,0,0,479,75,72,0,-0.435906756453865,0,0.4384133611691023,1,0.0,0,0,0,0,0,0,76,194,0.24118286932772834,5.105263157894737,13,137.0,270
82,1,Graduated,18,252,4,29,240,14,13,-0.7640833867416611,-0.7279545742644778,0.5555555555555556,0.3333333333333333,0.5925925925925926,0.07692307692307693,4,6,1.0,3.0,0,4.0,14,43,0.6281179138321995,6.142857142857143,9,53.0,58
83,1,Graduated,48,136,6,62,238,42,48,0.7432545192077509,1.1967526648722322,0.6691176470588235,0.5336134453781513,0.391304347826087,0.15789473684210525,5,6,0.5333333333333333,2.4,4,2.0,49,105,0.2712003482711766,4.285714285714286,10,57.0,99
84,1,Graduated,14,0,0,0,125,14,18,0,-0.10313896228386939,0,0.496,1,0.18181818181818182,0,0,0,0,0,0,18,38,0.4714387464387464,4.222222222222222,6,27.0,51
85,1,Graduated,12,128,3,88,56,9,9,-0.5617506177222086,-1.068780378751159,0.40625,0.44642857142857145,0.0,0.11764705882352941,3,3,1.0,2.0,0,1.0,9,18,0.4351851851851852,4.0,5,9.0,25
86,1,Graduated,6,0,0,0,33,6,6,0,0.031979074596900796,0,0.30303030303030304,1,0.5,0,0,0,0,0,0,6,8,0.3888888888888889,2.6666666666666665,3,2.0,15
87,1,Graduated,8,5132,2,687,79,6,5,0.48234336981537046,0.22904187581420013,0.9998051441932969,0.45569620253164556,0.4666666666666667,0.1111111111111111,2,1,0.0,1.0,0,0.0,6,8,0.27777777777777773,2.6666666666666665,3,1.0,11
88,1,Graduated,48,1913,12,846,299,36,37,0.8505480444683199,-0.1817588003697206,0.6602195504443282,0.5083612040133779,0.1,0.10344827586206896,11,41,0.8579365079365079,7.454545454545454,9,76.0,38,87,0.3438068209740036,4.578947368421052,8,57.0,128
89,1,Graduated,12,557,4,213,47,8,8,-1.1934116271968858,0.5871135305550323,0.7917414721723519,0.574468085106383,0.375,0.2222222222222222,4,5,0.8333333333333333,2.5,2,2.0,8,11,0.5119047619047619,2.75,2,2.0,18
90,1,Graduated,5,0,0,0,10,5,6,0,0.1415452625748262,0,0.4,1,0.0,0,0,0,0,0,0,6,7,0.0,2.3333333333333335,2,0.0,6
91,1,Graduated,29,132,3,64,811,26,26,-0.01511144850333997,0.2950965885380761,0.6818181818181818,0.7028360049321825,0.125,0.034482758620689655,3,3,1.0,2.0,0,1.0,28,96,0.5260513296227582,6.857142857142857,12,122.0,126
92,1,Graduated,50,5046,2,2811,327,48,47,0.625519151029944,-0.20085176046287195,0.7417756638921918,0.5229357798165137,0.48,0.034482758620689655,0,0,0,0,0,0,49,112,0.27866815825347063,4.571428571428571,6,61.0,154
93,1,Graduated,3,0,0,0,18,3,3,0,1.3046947949938554,0,0.8333333333333334,1,0.7857142857142857,0,0,0,0,0,0,3,4,1.0,2.6666666666666665,1,1.0,5
94,1,Graduated,22,250,5,116,295,17,21,1.976034151708515,1.1875580880514511,0.512,0.4406779661016949,0.5238095238095238,0.11538461538461539,5,7,0.7,2.8,4,4.0,21,50,0.4366780045351473,4.761904761904762,7,30.0,68
95,1,Graduated,4,0,0,0,7,4,4,0,0.7718444241582298,0,0.2857142857142857,1,0.3333333333333333,0,0,0,0,0,0,4,4,0.0,2.0,3,0.0,5
96,1,Graduated,11,1,1,1,34,10,10,0,-0.04970624731201709,1.0,0.29411764705882354,0.0,0.26666666666666666,0,0,0,0,0,0,11,14,0.2545454545454545,2.5454545454545454,3,2.0,18
97,1,Graduated,32,0,0,0,169,32,35,0,0.06385049543105402,0,0.5029585798816568,1,0.1111111111111111,0,0,0,0,0,0,37,71,0.21420645244174652,3.8378378378378377,6,28.0,77
98,1,Graduated,28,0,0,0,180,28,26,0,-0.5392010202488436,0,0.45555555555555555,1,0.09523809523809523,0,0,0,0,0,0,28,71,0.3989479766265481,5.071428571428571,10,59.0,75
99,1,Graduated,28,1179,6,596,126,22,22,4.870522164872995,-0.2094275069544518,0.917726887192536,0.40476190476190477,0.0,0.18181818181818182,5,6,0.8666666666666666,2.4,1,2.0,23,45,0.4113181504485852,3.9130434782608696,12,20.0,48
